-- phpMyAdmin SQL Dump
-- version 5.2.1
-- https://www.phpmyadmin.net/
--
-- Host: 127.0.0.1:3308
-- Generation Time: May 25, 2025 at 03:58 PM
-- Server version: 10.4.32-MariaDB
-- PHP Version: 8.2.12

SET SQL_MODE = "NO_AUTO_VALUE_ON_ZERO";
START TRANSACTION;
SET time_zone = "+00:00";


/*!40101 SET @OLD_CHARACTER_SET_CLIENT=@@CHARACTER_SET_CLIENT */;
/*!40101 SET @OLD_CHARACTER_SET_RESULTS=@@CHARACTER_SET_RESULTS */;
/*!40101 SET @OLD_COLLATION_CONNECTION=@@COLLATION_CONNECTION */;
/*!40101 SET NAMES utf8mb4 */;

--
-- Database: `car_rental_system`
--

-- --------------------------------------------------------

--
-- Table structure for table `cars`
--

CREATE TABLE `cars` (
  `id` int(11) NOT NULL,
  `make` varchar(50) NOT NULL,
  `model` varchar(50) NOT NULL,
  `year` int(11) NOT NULL,
  `price_per_day` decimal(10,2) NOT NULL CHECK (`price_per_day` >= 0),
  `available` tinyint(1) NOT NULL DEFAULT 1,
  `image` varchar(255) DEFAULT NULL,
  `created_at` timestamp NOT NULL DEFAULT current_timestamp(),
  `plate_number` varchar(20) DEFAULT NULL,
  `status` enum('available','rented','maintenance') DEFAULT 'available'
) ENGINE=InnoDB DEFAULT CHARSET=utf8mb4 COLLATE=utf8mb4_general_ci;

--
-- Dumping data for table `cars`
--

INSERT INTO `cars` (`id`, `make`, `model`, `year`, `price_per_day`, `available`, `image`, `created_at`, `plate_number`, `status`) VALUES
(1, 'Toyota', 'Camry', 2020, 50.00, 1, 'camry.jpg', '2025-05-24 11:10:06', NULL, 'available'),
(2, 'Honda', 'Civic', 2019, 45.00, 1, 'civic.jpg', '2025-05-24 11:10:06', NULL, 'available'),
(3, 'Ford', 'Mustang', 2021, 80.00, 1, 'mustang.jpg', '2025-05-24 11:10:06', NULL, 'available'),
(4, 'Chevrolet', 'Malibu', 2018, 40.00, 1, 'malibu.jpg', '2025-05-24 11:10:06', NULL, 'available');

-- --------------------------------------------------------

--
-- Table structure for table `rentals`
--

CREATE TABLE `rentals` (
  `id` int(11) NOT NULL,
  `user_id` int(11) NOT NULL,
  `car_id` int(11) NOT NULL,
  `start_date` date NOT NULL,
  `end_date` date NOT NULL,
  `total_price` decimal(10,2) NOT NULL CHECK (`total_price` >= 0),
  `status` enum('active','completed','cancelled') NOT NULL DEFAULT 'active',
  `created_at` timestamp NOT NULL DEFAULT current_timestamp()
) ENGINE=InnoDB DEFAULT CHARSET=utf8mb4 COLLATE=utf8mb4_general_ci;

--
-- Dumping data for table `rentals`
--

INSERT INTO `rentals` (`id`, `user_id`, `car_id`, `start_date`, `end_date`, `total_price`, `status`, `created_at`) VALUES
(1, 4, 1, '2023-10-01', '2023-10-05', 200.00, 'completed', '2025-05-24 11:10:06'),
(2, 4, 2, '2023-10-10', '2023-10-15', 225.00, 'active', '2025-05-24 11:10:06');

-- --------------------------------------------------------

--
-- Table structure for table `roles`
--

CREATE TABLE `roles` (
  `id` int(11) NOT NULL,
  `name` varchar(50) NOT NULL
) ENGINE=InnoDB DEFAULT CHARSET=utf8mb4 COLLATE=utf8mb4_general_ci;

--
-- Dumping data for table `roles`
--

INSERT INTO `roles` (`id`, `name`) VALUES
(2, 'admin'),
(4, 'client'),
(5, 'driver'),
(3, 'staff'),
(1, 'superadmin');

-- --------------------------------------------------------

--
-- Table structure for table `users`
--

CREATE TABLE `users` (
  `id` int(11) NOT NULL,
  `username` varchar(50) NOT NULL,
  `password` varchar(255) NOT NULL,
  `email` varchar(100) NOT NULL,
  `created_at` timestamp NOT NULL DEFAULT current_timestamp(),
  `verification_code` varchar(6) DEFAULT NULL,
  `verification_expires_at` datetime DEFAULT NULL,
  `is_verified` tinyint(1) DEFAULT 0,
  `role_id` int(11) DEFAULT NULL
) ENGINE=InnoDB DEFAULT CHARSET=utf8mb4 COLLATE=utf8mb4_general_ci;

--
-- Dumping data for table `users`
--

INSERT INTO `users` (`id`, `username`, `password`, `email`, `created_at`, `verification_code`, `verification_expires_at`, `is_verified`, `role_id`) VALUES
(1, 'superadmin', '$2y$10$92IXUNpkjO0rOQ5byMi.Ye4oKoEa3Ro9llC/.og/at2.uheWG/igi', 'superadmin@example.com', '2025-05-24 11:10:05', NULL, NULL, 0, NULL),
(2, 'admin', '$2y$10$92IXUNpkjO0rOQ5byMi.Ye4oKoEa3Ro9llC/.og/at2.uheWG/igi', 'admin@example.com', '2025-05-24 11:10:05', NULL, NULL, 0, NULL),
(4, 'renter', '$2y$10$92IXUNpkjO0rOQ5byMi.Ye4oKoEa3Ro9llC/.og/at2.uheWG/igi', 'renter@example.com', '2025-05-24 11:10:05', NULL, NULL, 0, NULL),
(5, 's', '$2y$10$6R4rkdKY6MHwvaAFQ1hUiuggmQQ4mrjbODS/AEydm5L4O41F1y7V2', 'hontiverosharvey04@gmail.com', '2025-05-25 11:55:58', NULL, NULL, 1, NULL),
(6, 'eljhun', '$2y$10$vuR411I/cIGY1/rA1cGL0uJWcBcIv/a0H8wroWSRKnMeSD9rRUg0.', 'gmeljhun20@gmail.com', '2025-05-25 12:02:48', NULL, NULL, 1, NULL);

-- --------------------------------------------------------

--
-- Table structure for table `user_roles`
--

CREATE TABLE `user_roles` (
  `user_id` int(11) NOT NULL,
  `role_id` int(11) NOT NULL
) ENGINE=InnoDB DEFAULT CHARSET=utf8mb4 COLLATE=utf8mb4_general_ci;

--
-- Dumping data for table `user_roles`
--

INSERT INTO `user_roles` (`user_id`, `role_id`) VALUES
(1, 1),
(2, 2),
(4, 4),
(5, 4),
(6, 4);

--
-- Indexes for dumped tables
--

--
-- Indexes for table `cars`
--
ALTER TABLE `cars`
  ADD PRIMARY KEY (`id`);

--
-- Indexes for table `rentals`
--
ALTER TABLE `rentals`
  ADD PRIMARY KEY (`id`),
  ADD KEY `user_id` (`user_id`),
  ADD KEY `car_id` (`car_id`);

--
-- Indexes for table `roles`
--
ALTER TABLE `roles`
  ADD PRIMARY KEY (`id`),
  ADD UNIQUE KEY `name` (`name`);

--
-- Indexes for table `users`
--
ALTER TABLE `users`
  ADD PRIMARY KEY (`id`),
  ADD UNIQUE KEY `username` (`username`),
  ADD UNIQUE KEY `email` (`email`),
  ADD KEY `fk_users_role` (`role_id`);

--
-- Indexes for table `user_roles`
--
ALTER TABLE `user_roles`
  ADD PRIMARY KEY (`user_id`,`role_id`),
  ADD KEY `role_id` (`role_id`);

--
-- AUTO_INCREMENT for dumped tables
--

--
-- AUTO_INCREMENT for table `cars`
--
ALTER TABLE `cars`
  MODIFY `id` int(11) NOT NULL AUTO_INCREMENT, AUTO_INCREMENT=5;

--
-- AUTO_INCREMENT for table `rentals`
--
ALTER TABLE `rentals`
  MODIFY `id` int(11) NOT NULL AUTO_INCREMENT, AUTO_INCREMENT=3;

--
-- AUTO_INCREMENT for table `roles`
--
ALTER TABLE `roles`
  MODIFY `id` int(11) NOT NULL AUTO_INCREMENT, AUTO_INCREMENT=6;

--
-- AUTO_INCREMENT for table `users`
--
ALTER TABLE `users`
  MODIFY `id` int(11) NOT NULL AUTO_INCREMENT, AUTO_INCREMENT=7;

--
-- Constraints for dumped tables
--

--
-- Constraints for table `rentals`
--
ALTER TABLE `rentals`
  ADD CONSTRAINT `rentals_ibfk_1` FOREIGN KEY (`user_id`) REFERENCES `users` (`id`) ON DELETE CASCADE,
  ADD CONSTRAINT `rentals_ibfk_2` FOREIGN KEY (`car_id`) REFERENCES `cars` (`id`) ON DELETE CASCADE;

--
-- Constraints for table `users`
--
ALTER TABLE `users`
  ADD CONSTRAINT `fk_users_role` FOREIGN KEY (`role_id`) REFERENCES `roles` (`id`);

--
-- Constraints for table `user_roles`
--
ALTER TABLE `user_roles`
  ADD CONSTRAINT `user_roles_ibfk_1` FOREIGN KEY (`user_id`) REFERENCES `users` (`id`) ON DELETE CASCADE,
  ADD CONSTRAINT `user_roles_ibfk_2` FOREIGN KEY (`role_id`) REFERENCES `roles` (`id`) ON DELETE CASCADE;
COMMIT;

/*!40101 SET CHARACTER_SET_CLIENT=@OLD_CHARACTER_SET_CLIENT */;
/*!40101 SET CHARACTER_SET_RESULTS=@OLD_CHARACTER_SET_RESULTS */;
/*!40101 SET COLLATION_CONNECTION=@OLD_COLLATION_CONNECTION */;
